trajectory_name,cutoff (nm),frame,chain H,chain L,chain F,chain X,chain B,chain C,chain A,chain Y,chain E,chain G,chain D,chain Z
5udc_5k6f,0.3,0,[],[],[],[],[],[],[],[],[],"['222', '225', '250', '254', '277', '399', '401', '419', '427', '428', '452', '454', '457', '458', '460', '461', '463', '486', '509']","['49', '81', '85', '88', '92', '98']","['145', '146', '156', '184', '232', '345', '370', '374', '378', '391', '488', '489', '494', '508']"
5udc_5k6f,0.3,499,[],[],[],[],[],[],[],[],[],"['218', '225', '282', '427', '454', '458', '460', '463', '508', '509']","['49', '50', '52', '75', '85', '92']","['145', '156', '345', '348', '508', '509']"
5udc_5k6f,0.3,700,[],[],[],[],[],[],[],[],[],"['218', '279', '282', '407', '455', '508']","['75', '92']","['146', '238', '372', '509']"
5udc_5k6f,0.5,0,[],[],[],[],[],"['31', '52', '65', '66', '67']","['70', '72', '73', '77']",[],[],"['216', '217', '218', '221', '222', '225', '226', '228', '232', '236', '246', '247', '248', '249', '250', '253', '254', '255', '258', '275', '276', '277', '278', '279', '280', '282', '283', '328', '359', '361', '362', '398', '399', '400', '401', '402', '403', '407', '419', '420', '427', '428', '448', '452', '453', '454', '455', '456', '457', '458', '459', '460', '461', '462', '463', '480', '481', '483', '484', '485', '486', '502', '505', '506', '509']","['49', '50', '51', '52', '73', '74', '75', '78', '81', '82', '85', '88', '89', '91', '92', '95', '96', '98']","['145', '146', '147', '149', '152', '153', '156', '183', '184', '185', '186', '217', '221', '224', '228', '231', '232', '234', '235', '238', '239', '240', '241', '308', '345', '346', '348', '350', '369', '370', '371', '372', '373', '374', '375', '376', '378', '389', '390', '391', '392', '394', '487', '488', '489', '490', '491', '493', '494', '497', '501', '505', '508']"
5udc_5k6f,0.5,499,[],[],[],[],[],"['65', '66', '67']","['70', '72']",[],[],"['202', '216', '217', '218', '221', '222', '224', '225', '232', '235', '236', '246', '247', '248', '249', '250', '254', '258', '275', '276', '278', '279', '280', '282', '283', '361', '362', '398', '399', '400', '402', '403', '407', '427', '428', '429', '452', '454', '455', '456', '458', '459', '460', '461', '462', '463', '481', '485', '486', '488', '502', '504', '505', '506', '508', '509']","['49', '50', '51', '52', '53', '74', '75', '77', '78', '81', '82', '85', '92', '95', '96', '98']","['145', '146', '149', '152', '153', '156', '183', '184', '185', '217', '220', '221', '224', '228', '231', '232', '235', '237', '238', '239', '240', '241', '305', '345', '346', '348', '349', '350', '368', '369', '370', '372', '373', '374', '375', '376', '391', '392', '394', '487', '488', '489', '490', '491', '494', '501', '502', '504', '505', '508', '509']"
5udc_5k6f,0.5,700,[],[],[],[],[],"['65', '66']",['72'],[],[],"['202', '216', '217', '218', '221', '222', '224', '225', '235', '246', '248', '249', '250', '254', '255', '258', '275', '276', '277', '278', '279', '280', '282', '283', '361', '362', '399', '400', '402', '403', '407', '452', '454', '455', '456', '457', '458', '459', '460', '461', '481', '485', '486', '487', '488', '498', '504', '505', '506', '508', '509']","['49', '50', '52', '74', '75', '77', '78', '81', '85', '88', '92', '95', '96', '98']","['145', '146', '147', '149', '152', '153', '156', '217', '221', '224', '228', '231', '235', '238', '239', '240', '241', '345', '346', '348', '350', '369', '370', '371', '372', '373', '374', '375', '376', '394', '487', '488', '489', '490', '491', '494', '498', '501', '502', '504', '505', '508', '509']"
5udc_5k6f,1.5,0,[],"['18', '60', '65', '66', '67', '76', '77']","['1', '2', '98']","['55', '56', '57', '58', '60']","['100D', '100G', '100H']","['17', '18', '19', '20', '21', '22', '23', '24', '25', '27', '28', '29', '30', '31', '32', '33', '34', '35', '4', '47', '48', '49', '5', '50', '51', '52', '53', '54', '55', '60', '61', '62', '63', '64', '65', '66', '67', '68', '69', '7', '70', '71', '72', '73', '74', '75', '76', '77', '88', '89', '90', '91', '92']","['66', '67', '68', '69', '70', '71', '72', '73', '74', '75', '76', '77', '78', '79', '80', '81', '82', '83', '84', '85']","['207', '208', '209', '210', '211', '212', '213', '214', '215', '216', '217', '220', '221', '224']","['26', '27', '28', '29', '30', '37', '39', '40', '41', '42', '43', '44', '45', '46', '47', '48', '49', '52', '57', '58', '59', '60', '73', '74', '75', '76', '77', '78', '79', '81', '82', '85', '86', '89', '92', '93']","['171', '172', '173', '174', '175', '176', '190', '191', '192', '193', '194', '195', '196', '197', '198', '199', '200', '201', '202', '203', '204', '205', '206', '207', '214', '215', '216', '217', '218', '219', '220', '221', '222', '223', '224', '225', '226', '227', '228', '229', '230', '231', '232', '233', '234', '235', '236', '237', '238', '239', '240', '241', '242', '243', '244', '245', '246', '247', '248', '249', '250', '251', '252', '253', '254', '255', '256', '257', '258', '259', '260', '261', '262', '263', '266', '268', '269', '270', '271', '272', '273', '274', '275', '276', '277', '278', '279', '280', '281', '282', '283', '284', '285', '286', '287', '288', '299', '300', '301', '302', '303', '304', '306', '309', '310', '313', '314', '315', '316', '317', '318', '319', '320', '321', '322', '323', '324', '325', '326', '327', '328', '329', '330', '331', '332', '333', '334', '335', '336', '337', '338', '339', '340', '341', '342', '352', '353', '354', '355', '356', '357', '358', '359', '360', '361', '362', '363', '364', '365', '366', '367', '368', '370', '371', '373', '394', '395', '396', '397', '398', '399', '400', '401', '402', '403', '404', '405', '406', '407', '408', '409', '410', '411', '412', '413', '414', '415', '416', '417', '418', '419', '420', '421', '422', '423', '424', '425', '426', '427', '428', '429', '430', '431', '432', '433', '434', '435', '436', '437', '438', '439', '440', '441', '442', '443', '444', '445', '446', '447', '448', '449', '450', '451', '452', '453', '454', '455', '456', '457', '458', '459', '460', '461', '462', '463', '464', '465', '466', '475', '476', '477', '478', '479', '480', '481', '482', '483', '484', '485', '486', '487', '488', '489', '490', '491', '493', '494', '495', '496', '497', '498', '499', '500', '501', '502', '503', '504', '505', '506', '507', '508', '509']","['44', '45', '46', '47', '48', '49', '50', '51', '52', '53', '54', '55', '56', '59', '61', '64', '66', '68', '70', '71', '72', '73', '74', '75', '76', '77', '78', '79', '80', '81', '82', '83', '84', '85', '86', '87', '88', '89', '90', '91', '92', '93', '94', '95', '96', '97', '98']","['145', '146', '147', '148', '149', '150', '151', '152', '153', '154', '155', '156', '157', '158', '159', '160', '163', '166', '167', '177', '178', '179', '180', '181', '182', '183', '184', '185', '186', '187', '188', '189', '193', '195', '198', '199', '202', '203', '206', '207', '211', '212', '213', '214', '215', '216', '217', '218', '219', '220', '221', '222', '223', '224', '225', '226', '227', '228', '229', '230', '231', '232', '233', '234', '235', '236', '237', '238', '239', '240', '241', '242', '243', '244', '245', '246', '247', '248', '249', '250', '251', '252', '253', '263', '264', '265', '266', '267', '270', '273', '274', '280', '281', '282', '283', '284', '285', '286', '287', '288', '289', '290', '291', '292', '293', '296', '297', '298', '299', '300', '301', '302', '303', '304', '305', '306', '307', '308', '309', '310', '311', '312', '313', '314', '316', '318', '333', '334', '335', '336', '337', '338', '339', '340', '341', '342', '343', '344', '345', '346', '347', '348', '349', '350', '351', '352', '353', '354', '355', '356', '357', '358', '359', '364', '365', '366', '367', '368', '369', '370', '371', '372', '373', '374', '375', '376', '377', '378', '379', '380', '381', '382', '383', '384', '385', '386', '387', '388', '389', '390', '391', '392', '393', '394', '395', '396', '397', '398', '399', '400', '475', '478', '481', '482', '483', '484', '485', '486', '487', '488', '489', '490', '491', '492', '493', '494', '495', '496', '497', '498', '499', '500', '501', '502', '503', '504', '505', '506', '507', '508', '509']"
5udc_5k6f,1.5,499,[],"['16', '17', '18', '19', '20', '52', '59', '60', '61', '62', '63', '64', '65', '66', '67', '74', '75', '76', '77']","['1', '2', '25', '26', '27', '28', '3', '32', '96', '98']","['55', '56', '57', '58', '60']",[],"['18', '19', '20', '21', '22', '23', '24', '25', '27', '28', '29', '30', '31', '32', '33', '34', '35', '48', '49', '50', '51', '52', '53', '54', '60', '62', '63', '64', '65', '66', '67', '68', '69', '70', '71', '72', '73', '74', '75', '76', '88', '91', '92']","['66', '67', '68', '69', '70', '71', '72', '73', '74', '75', '76', '77', '78', '79', '80', '81', '84']","['207', '209', '210', '211', '212', '213', '214', '215', '217']","['26', '27', '28', '29', '30', '37', '39', '40', '41', '42', '43', '44', '45', '46', '47', '49', '52', '73', '74', '75', '76', '77', '78', '79', '81', '82', '85', '92']","['175', '176', '190', '191', '192', '193', '194', '195', '196', '197', '198', '199', '200', '201', '202', '203', '204', '205', '206', '207', '208', '213', '214', '215', '216', '217', '218', '219', '220', '221', '222', '223', '224', '225', '226', '227', '228', '229', '230', '231', '232', '233', '234', '235', '236', '237', '238', '239', '240', '243', '244', '245', '246', '247', '248', '249', '250', '251', '252', '253', '254', '255', '256', '257', '258', '259', '260', '261', '262', '263', '264', '266', '267', '268', '269', '270', '271', '272', '273', '274', '275', '276', '277', '278', '279', '280', '281', '282', '283', '284', '285', '286', '287', '288', '299', '300', '301', '302', '303', '304', '306', '309', '310', '313', '314', '315', '316', '317', '318', '319', '320', '321', '322', '323', '324', '325', '326', '327', '328', '329', '330', '331', '332', '333', '334', '335', '336', '337', '338', '339', '340', '341', '352', '353', '354', '355', '356', '357', '358', '359', '360', '361', '362', '363', '364', '365', '366', '367', '368', '394', '395', '396', '397', '398', '399', '400', '401', '402', '403', '404', '405', '406', '407', '408', '409', '410', '411', '412', '413', '414', '415', '416', '417', '418', '419', '420', '421', '422', '423', '424', '425', '426', '427', '428', '429', '430', '431', '432', '434', '435', '436', '437', '438', '439', '440', '441', '442', '443', '444', '445', '446', '447', '448', '449', '450', '451', '452', '453', '454', '455', '456', '457', '458', '459', '460', '461', '462', '463', '464', '465', '466', '475', '478', '479', '480', '481', '482', '483', '484', '485', '486', '487', '488', '489', '490', '491', '494', '495', '496', '497', '498', '499', '500', '501', '502', '503', '504', '505', '506', '507', '508', '509']","['46', '47', '48', '49', '50', '51', '52', '53', '54', '55', '56', '59', '61', '70', '71', '72', '73', '74', '75', '76', '77', '78', '79', '80', '81', '82', '83', '84', '85', '86', '87', '88', '89', '90', '91', '92', '93', '94', '95', '96', '97', '98']","['145', '146', '147', '148', '149', '150', '151', '152', '153', '154', '155', '156', '157', '158', '159', '160', '161', '163', '166', '178', '179', '180', '181', '182', '183', '184', '185', '186', '187', '188', '189', '193', '195', '198', '199', '202', '203', '206', '207', '211', '212', '213', '214', '215', '216', '217', '218', '219', '220', '221', '222', '223', '224', '225', '226', '227', '228', '229', '230', '231', '232', '233', '234', '235', '236', '237', '238', '239', '240', '241', '242', '243', '244', '245', '246', '247', '248', '249', '250', '251', '260', '261', '263', '264', '265', '266', '267', '270', '274', '280', '281', '283', '284', '285', '286', '287', '288', '289', '290', '291', '292', '293', '296', '297', '298', '299', '300', '301', '302', '303', '304', '305', '306', '307', '308', '309', '310', '311', '312', '313', '314', '315', '316', '333', '334', '335', '336', '337', '338', '339', '340', '341', '342', '343', '344', '345', '346', '347', '348', '349', '350', '351', '352', '353', '354', '355', '356', '357', '358', '359', '365', '366', '367', '368', '369', '370', '371', '372', '373', '374', '375', '376', '377', '378', '379', '380', '381', '382', '383', '385', '386', '387', '388', '389', '390', '391', '392', '393', '394', '395', '396', '397', '398', '478', '479', '480', '481', '482', '483', '484', '485', '486', '487', '488', '489', '490', '491', '492', '493', '494', '495', '496', '497', '498', '499', '500', '501', '502', '503', '504', '505', '506', '507', '508', '509']"
5udc_5k6f,1.5,700,[],"['16', '17', '18', '19', '20', '31', '52', '54', '59', '60', '61', '62', '63', '64', '65', '66', '67', '72', '73', '74', '75', '76', '77']","['1', '101', '102', '2', '25', '26', '27', '28', '3', '32', '96', '98']","['54', '55', '56', '57', '58', '59']",['100H'],"['18', '20', '21', '22', '23', '24', '28', '29', '30', '31', '32', '33', '34', '35', '48', '49', '50', '51', '52', '53', '54', '62', '63', '64', '65', '66', '67', '68', '69', '70', '71', '72', '73', '74', '91', '92']","['67', '68', '69', '70', '71', '72', '73', '74', '75', '76', '77', '78', '79', '80', '81', '84']","['207', '209', '210', '211', '212', '213', '214', '215', '217']","['26', '27', '28', '29', '30', '36', '37', '38', '39', '40', '41', '42', '44', '45', '46', '47', '49', '52', '57', '74', '75', '76', '77', '78', '79', '81', '82', '85']","['175', '176', '190', '191', '192', '193', '194', '195', '196', '197', '198', '199', '200', '201', '202', '203', '204', '205', '206', '207', '213', '214', '215', '216', '217', '218', '219', '220', '221', '222', '223', '224', '225', '226', '227', '228', '229', '230', '231', '232', '233', '234', '235', '236', '237', '238', '239', '240', '243', '244', '245', '246', '247', '248', '249', '250', '251', '252', '253', '254', '255', '256', '257', '258', '259', '260', '261', '262', '263', '264', '266', '267', '268', '269', '270', '271', '272', '273', '274', '275', '276', '277', '278', '279', '280', '281', '282', '283', '284', '285', '286', '287', '288', '299', '301', '302', '303', '304', '306', '314', '315', '316', '317', '318', '319', '320', '321', '322', '323', '324', '325', '326', '327', '328', '329', '330', '331', '332', '333', '334', '335', '336', '337', '338', '339', '340', '341', '353', '354', '355', '356', '357', '358', '359', '360', '361', '362', '363', '364', '365', '366', '367', '368', '394', '395', '396', '397', '398', '399', '400', '401', '402', '403', '404', '405', '406', '407', '408', '409', '410', '411', '412', '413', '414', '415', '416', '417', '418', '419', '420', '421', '422', '423', '424', '425', '426', '427', '428', '429', '430', '431', '432', '435', '436', '437', '438', '439', '440', '441', '442', '443', '444', '445', '446', '447', '448', '449', '450', '451', '452', '453', '454', '455', '456', '457', '458', '459', '460', '461', '462', '463', '464', '465', '466', '475', '478', '479', '480', '481', '482', '483', '484', '485', '486', '487', '488', '489', '490', '491', '492', '493', '494', '495', '496', '497', '498', '499', '500', '501', '502', '503', '504', '505', '506', '507', '508', '509']","['46', '47', '48', '49', '50', '51', '52', '53', '54', '55', '56', '59', '68', '70', '71', '72', '73', '74', '75', '76', '77', '78', '79', '80', '81', '82', '83', '84', '85', '86', '87', '88', '89', '90', '91', '92', '93', '94', '95', '96', '97', '98']","['145', '146', '147', '148', '149', '150', '151', '152', '153', '154', '155', '156', '157', '158', '159', '160', '166', '178', '179', '180', '181', '182', '183', '184', '185', '186', '187', '188', '193', '195', '198', '199', '202', '203', '206', '207', '211', '212', '213', '214', '215', '216', '217', '218', '219', '220', '221', '222', '223', '224', '225', '226', '227', '228', '229', '230', '231', '232', '233', '234', '235', '236', '237', '238', '239', '240', '241', '242', '243', '244', '245', '246', '247', '248', '249', '250', '251', '260', '263', '264', '265', '266', '267', '270', '271', '274', '280', '281', '283', '284', '285', '286', '287', '288', '289', '290', '291', '292', '293', '297', '298', '299', '300', '301', '302', '303', '304', '305', '306', '307', '308', '309', '310', '311', '312', '313', '314', '333', '334', '335', '336', '337', '338', '339', '340', '341', '342', '343', '344', '345', '346', '347', '348', '349', '350', '351', '352', '353', '354', '355', '356', '357', '358', '359', '365', '366', '367', '368', '369', '370', '371', '372', '373', '374', '375', '376', '377', '378', '379', '380', '381', '382', '383', '385', '386', '387', '388', '389', '390', '391', '392', '393', '394', '395', '396', '397', '398', '478', '479', '480', '481', '482', '483', '484', '485', '486', '487', '488', '489', '490', '491', '492', '493', '494', '495', '496', '497', '498', '499', '500', '501', '502', '503', '504', '505', '506', '507', '508', '509']"
5udc_tail_5k6f,0.3,0,[],[],[],[],[],['65'],['72'],[],[],"['218', '222', '225', '232', '236', '249', '250', '254', '255', '276', '279', '282']","['75', '77', '81', '85', '88', '92', '98']","['224', '232', '235']"
5udc_tail_5k6f,0.3,499,[],[],[],[],[],[],[],[],[],"['222', '232', '249', '250', '254', '255', '279', '282']","['77', '88', '92']","['232', '235']"
5udc_tail_5k6f,0.3,700,[],[],[],[],[],[],[],[],['44'],"['218', '222', '225', '250', '253', '254', '255', '279', '282']","['75', '81', '82', '85', '88', '91', '92']","['232', '240']"
5udc_tail_5k6f,0.5,0,[],[],[],[],[],"['31', '51', '52', '64', '65', '66', '67', '72']","['70', '71', '72', '74', '77']",[],[],"['198', '216', '217', '218', '221', '222', '225', '228', '232', '236', '246', '248', '249', '250', '253', '254', '255', '256', '258', '275', '276', '277', '278', '279', '282', '283']","['73', '74', '75', '77', '78', '81', '82', '85', '88', '89', '91', '92', '95', '96', '98']","['217', '220', '221', '224', '228', '231', '232', '234', '235', '237', '238', '239', '240', '241']"
5udc_tail_5k6f,0.5,499,[],[],[],[],[],"['65', '66', '67']","['71', '72']",[],"['42', '43', '44']","['202', '217', '218', '221', '222', '225', '232', '235', '236', '246', '247', '248', '249', '250', '253', '254', '255', '256', '275', '276', '277', '278', '279', '280', '282', '283']","['74', '75', '77', '78', '81', '82', '88', '91', '92', '95', '96', '98']","['148', '152', '217', '221', '224', '228', '231', '232', '234', '235', '238', '239', '240', '241', '242', '243']"
5udc_tail_5k6f,0.5,700,[],[],[],[],[],"['65', '66', '67']","['71', '72']",[],"['42', '43', '44', '45']","['217', '218', '221', '222', '225', '232', '235', '246', '247', '248', '249', '250', '253', '254', '255', '256', '275', '276', '277', '278', '279', '280', '282', '283']","['74', '75', '78', '81', '82', '85', '88', '91', '92', '95', '96']","['148', '217', '221', '224', '228', '231', '232', '234', '235', '238', '239', '240', '241', '242', '243']"
5udc_tail_5k6f,1.5,0,[],"['16', '18', '60', '63', '65', '74', '76', '77']","['1', '31', '96', '98']","['56', '57', '60']","['100G', '100H']","['17', '18', '19', '20', '21', '22', '23', '24', '25', '27', '28', '29', '30', '31', '32', '33', '34', '35', '36', '46', '47', '48', '49', '5', '50', '51', '52', '53', '54', '55', '56', '58', '59', '6', '60', '61', '62', '63', '64', '65', '66', '67', '68', '69', '7', '70', '71', '72', '73', '74', '75', '76', '77', '8', '88', '89', '90', '91', '92']","['64', '65', '66', '67', '68', '69', '70', '71', '72', '73', '74', '75', '76', '77', '78', '79', '80', '81', '82', '83', '84', '85', '87']","['206', '207', '208', '209', '210', '211', '212', '213', '214', '215', '216', '217', '220']","['42', '44', '45', '46', '47', '48', '57', '58', '59', '60', '61', '73', '74', '75', '76', '77', '78', '79', '81', '82', '83', '85', '86', '88', '89', '92', '93', '96']","['171', '172', '173', '174', '175', '176', '190', '191', '192', '193', '194', '195', '196', '197', '198', '199', '200', '201', '202', '203', '204', '205', '206', '207', '214', '215', '216', '217', '218', '219', '220', '221', '222', '223', '224', '225', '226', '227', '228', '229', '230', '231', '232', '233', '234', '235', '236', '237', '238', '239', '240', '241', '242', '243', '244', '245', '246', '247', '248', '249', '250', '251', '252', '253', '254', '255', '256', '257', '258', '259', '260', '261', '262', '263', '264', '266', '268', '269', '270', '271', '272', '273', '274', '275', '276', '277', '278', '279', '280', '281', '282', '283', '284', '285', '286', '287', '288', '297', '299', '300', '301', '302', '303', '304', '306', '308', '309', '310', '311']","['59', '61', '64', '66', '70', '71', '72', '73', '74', '75', '76', '77', '78', '79', '80', '81', '82', '83', '84', '85', '86', '87', '88', '89', '90', '91', '92', '93', '94', '95', '96', '97', '98']","['145', '146', '147', '148', '149', '152', '153', '155', '156', '159', '193', '195', '198', '199', '202', '203', '206', '207', '211', '212', '213', '214', '215', '216', '217', '218', '219', '220', '221', '222', '223', '224', '225', '226', '227', '228', '229', '230', '231', '232', '233', '234', '235', '236', '237', '238', '239', '240', '241', '242', '243', '244', '245', '246', '247', '248', '249', '250', '251', '285', '286', '287', '288', '289', '290', '291', '292', '293', '297', '298', '299']"
5udc_tail_5k6f,1.5,499,[],"['16', '18', '60', '65', '74', '76', '77']","['1', '2', '26', '27', '28', '31', '32', '96', '98']","['56', '57']",[],"['19', '20', '21', '22', '23', '24', '27', '28', '29', '30', '31', '32', '33', '34', '35', '47', '48', '49', '50', '51', '52', '53', '54', '55', '60', '61', '62', '63', '64', '65', '66', '67', '68', '69', '70', '71', '72', '73', '74', '75', '76', '91', '92']","['66', '67', '68', '69', '70', '71', '72', '73', '74', '75', '76', '77', '78', '79', '80', '81', '84']","['211', '212', '213', '214', '217']","['42', '43', '44', '45', '46', '47', '48', '49', '52', '57', '59', '73', '74', '75', '76', '77', '78', '79', '81', '82', '85', '92', '93']","['175', '176', '190', '191', '192', '193', '194', '195', '196', '197', '198', '199', '200', '201', '202', '203', '204', '205', '206', '207', '208', '213', '214', '215', '216', '217', '218', '219', '220', '221', '222', '223', '224', '225', '226', '227', '228', '229', '230', '231', '232', '233', '234', '235', '236', '237', '238', '239', '240', '241', '243', '244', '245', '246', '247', '248', '249', '250', '251', '252', '253', '254', '255', '256', '257', '258', '259', '260', '261', '262', '264', '268', '269', '270', '271', '272', '273', '274', '275', '276', '277', '278', '279', '280', '281', '282', '283', '284', '285', '286', '287', '288', '299', '301', '302', '303', '304', '305', '306', '309']","['52', '54', '55', '59', '61', '63', '66', '70', '71', '72', '73', '74', '75', '76', '77', '78', '79', '80', '81', '82', '83', '84', '85', '86', '87', '88', '89', '90', '91', '92', '93', '94', '95', '96', '97', '98']","['145', '146', '147', '148', '149', '150', '151', '152', '153', '154', '155', '156', '157', '158', '159', '193', '195', '198', '203', '206', '207', '211', '212', '213', '214', '215', '216', '217', '218', '219', '220', '221', '222', '223', '224', '225', '226', '227', '228', '229', '230', '231', '232', '233', '234', '235', '236', '237', '238', '239', '240', '241', '242', '243', '244', '245', '246', '247', '248', '249', '250', '251', '252', '284', '285', '286', '287', '288', '289', '290', '291', '292', '293', '297', '298', '299', '300', '301', '302']"
5udc_tail_5k6f,1.5,700,[],"['16', '17', '18', '60', '65', '66', '72', '74', '76', '77']","['1', '101', '102', '2', '25', '26', '27', '28', '31', '32', '96', '98']","['56', '57']",[],"['18', '20', '21', '22', '23', '27', '28', '29', '30', '31', '32', '33', '34', '35', '47', '48', '49', '50', '51', '52', '53', '54', '55', '60', '62', '63', '64', '65', '66', '67', '68', '69', '70', '71', '72', '73', '74', '91', '92']","['66', '67', '68', '69', '70', '71', '72', '73', '74', '75', '76', '77', '78', '79', '80', '81', '82', '84']","['211', '212', '213']","['42', '43', '44', '45', '46', '47', '48', '49', '52', '57', '59', '73', '74', '75', '76', '77', '78', '79', '81', '82', '85']","['175', '176', '190', '191', '192', '193', '194', '195', '196', '197', '198', '199', '200', '201', '202', '203', '204', '205', '206', '207', '213', '214', '215', '216', '217', '218', '219', '220', '221', '222', '223', '224', '225', '226', '227', '228', '229', '230', '231', '232', '233', '234', '235', '236', '237', '238', '239', '240', '243', '244', '245', '246', '247', '248', '249', '250', '251', '252', '253', '254', '255', '256', '257', '258', '259', '260', '261', '262', '264', '266', '268', '269', '270', '271', '272', '273', '274', '275', '276', '277', '278', '279', '280', '281', '282', '283', '284', '285', '286', '287', '288', '299', '300', '301', '302', '303', '304', '306']","['52', '54', '59', '61', '63', '66', '70', '71', '72', '73', '74', '75', '76', '77', '78', '79', '80', '81', '82', '83', '84', '85', '86', '87', '88', '89', '90', '91', '92', '93', '94', '95', '96', '97', '98']","['145', '146', '147', '148', '149', '150', '151', '152', '153', '154', '155', '156', '157', '158', '159', '193', '195', '198', '199', '203', '206', '207', '211', '212', '213', '214', '215', '216', '217', '218', '219', '220', '221', '222', '223', '224', '225', '226', '227', '228', '229', '230', '231', '232', '233', '234', '235', '236', '237', '238', '239', '240', '241', '242', '243', '244', '245', '246', '247', '248', '249', '250', '251', '252', '253', '282', '283', '284', '285', '286', '287', '288', '289', '290', '291', '292', '293', '297', '298', '299', '300', '301', '302']"
